{"cameraMode":{"drawMode":0,"name":"Shaded","section":"Shading Mode"},"sceneLighting":false,"audioPlay":false,"sceneViewState":{"showFog":true,"showMaterialUpdate":false,"showSkybox":true,"showFlares":true,"showImageEffects":true,"showParticleSystems":true},"in2DMode":false,"pivot":{"x":396.1033020019531,"y":183.19711303710938,"z":212.0330352783203},"rotation":{"x":0.01080959104001522,"y":0.002995452145114541,"z":-0.000032337258744519204,"w":0.9999371767044067},"size":662.3866577148438,"orthographic":false}