{"cameraMode":{"drawMode":0,"name":"Shaded","section":"Shading Mode"},"sceneLighting":false,"audioPlay":false,"sceneViewState":{"showFog":true,"showMaterialUpdate":false,"showSkybox":true,"showFlares":true,"showImageEffects":true,"showParticleSystems":true},"in2DMode":false,"pivot":{"x":381.6895446777344,"y":196.14175415039063,"z":0.024839362129569055},"rotation":{"x":-0.0026901389937847854,"y":-0.0030043525621294977,"z":-0.00000803782677394338,"w":0.9999918937683106},"size":489.9901428222656,"orthographic":false}